신청시간,프로그램,날짜,이름,전화번호,요청사항,이메일,생년월일,금액
2026-04-06 17:46,설악산 단풍 트레킹,2026년 10월 11일 (토),123,123,123.0,,,
2026-04-06 17:48,설악산 단풍 트레킹,2026년 10월 11일 (토),123,123,123.0,,,
2026-04-06 18:07,설악산 단풍 트레킹,2026년 10월 11일 (토),오기석,10,1.0,,,
2026-04-06 18:17,부산 해안 생태투어,2026년 9월 20일 (일),오기석,010-5094-5990,1.0,som,1991-01-16,
2026-04-06 18:17,강원도 DMZ 생태탐방,2026년 7월 25일 (토),오기석,010-5094-5990,1.0,som,2000-01-01,
2026-04-06 18:30,강원도 DMZ 생태탐방,2026년 7월 25일 (토),2,2,,2,2000-01-01,
2026-04-06 18:30,강원도 DMZ 생태탐방,2026년 7월 25일 (토),3,3,,3,2000-01-01,
2026-04-06 18:30,강원도 DMZ 생태탐방,2026년 7월 25일 (토),4,4,,4,2000-01-01,
2026-04-06 18:30,강원도 DMZ 생태탐방,2026년 7월 25일 (토),5,5,,5,2000-01-01,
2026-04-06 18:30,강원도 DMZ 생태탐방,2026년 7월 25일 (토),6,6,,6,2000-01-01,
2026-04-06 18:30,강원도 DMZ 생태탐방,2026년 7월 25일 (토),7,7,,7,2000-01-01,
2026-04-06 18:30,강원도 DMZ 생태탐방,2026년 7월 25일 (토),8,8,,8,2000-01-01,
2026-04-06 18:30,강원도 DMZ 생태탐방,2026년 7월 25일 (토),9,9,,9,2000-01-01,
2026-04-06 18:30,강원도 DMZ 생태탐방,2026년 7월 25일 (토),10,10,,10,2000-01-01,
2026-04-06 18:30,강원도 DMZ 생태탐방,2026년 7월 25일 (토),11,11,,11,2000-01-01,
2026-04-06 18:31,강원도 DMZ 생태탐방,2026년 7월 25일 (토),12,12,,12,2000-01-01,
2026-04-06 18:31,강원도 DMZ 생태탐방,2026년 7월 25일 (토),13,13,,13,2000-01-01,
2026-04-06 18:31,강원도 DMZ 생태탐방,2026년 7월 25일 (토),14,14,,14,2000-01-01,
2026-04-06 18:31,강원도 DMZ 생태탐방,2026년 7월 25일 (토),15,15,,15,2000-01-01,
2026-04-06 18:31,강원도 DMZ 생태탐방,2026년 7월 25일 (토),16,16,,16,2000-01-01,
2026-04-06 18:31,강원도 DMZ 생태탐방,2026년 7월 25일 (토),17,17,,17,2000-01-01,
2026-04-06 18:31,강원도 DMZ 생태탐방,2026년 7월 25일 (토),18,18,,18,2000-01-01,
2026-04-06 18:31,강원도 DMZ 생태탐방,2026년 7월 25일 (토),19,19,,19,2000-01-01,
2026-04-06 18:31,강원도 DMZ 생태탐방,2026년 7월 25일 (토),20,20,,20,2000-01-01,
2026-04-06 18:35,설악산 단풍 트레킹,2026년 10월 11일 (토),3,3,,3,2000-01-01,
2026-04-06 18:37,설악산 단풍 트레킹,2026년 10월 11일 (토),4,4,,4,2000-01-01,
2026-04-06 19:03,설악산 단풍 트레킹,2026년 10월 11일 (토),123,123,,123,2000-01-01,85000.0
